receipt,meat_level,ingrs,time,front_ingrs,name,minutes
"Приготовьте продукты для борща. Так как сейчас зима, у меня имеются в морозилке замороженные овощи, которые уже подготовлены для варки-жарки. Если овощи свежие, то нужно их вымыть и очистить. Порежьте лук кубиками, морковь и свеклу соломкой. Воду для борща посолите и доведите до кипения. Разогрейте сковороду с растительным маслом и обжарьте первой свеклу до полуготовности. Добавьте лук и морковь, обжарьте еще пару минут. Добавьте не крупно порезанные грибы (шампиньоны) и периодически помешивая жарьте 5-7 минут. Влейте томатную пасту разведенную в небольшом количестве воды, добавьте соль, перец черный и тушите до готовности борщевую заправку. Картофель очистите, вымойте и порежьте не большими кусочками. В кипящую соленую воду положите картофель и проварите 15 минут. Нашинкуйте тонко белокочанную капусту. Добавьте ее в борщ вместе со стручковой фасолью. Варите 10 минут. Добавьте борщевую заправку в борщ, зелень. Откорректируйте на соль. Проварите пару минут и можно выключать огонь. Борщ готов! Дайте ему настояться минут 20-30. Подавайте борщ с зеленью и сметаной. Строгим вегетарианцам (веганам) без сметаны. Приятного!",веган,"гриб,свекла,морковь,картофель,фасоль,капуста,томатная паста,соль,перец,сметана",обед,"3 л. Вода 300 г. Грибы (шампиньоны) 250  г. Свекла 1 шт. Лук1  шт. Морковь 5-7  шт. Картофель 700-900  г. Капуста белокачанная 250  г. Фасоль стручковая 2-3 ст.л. Томатная паста 4 ст.л. Растительное масло по вкусу Соль, перец черный молотый по вкусу Зелень по вкусу Сметана",Борщ вегетарианский с грибами,60
"Сварить мясной бульон из нежирной безкостной свиной лопатки. Потушить в растительном масле нарезанный лук и помидор до мягкости. Можно добавить бульона. Соленые огурцы нарезать ломтиками. У крупных огурцов кожицу надо счистить. Мясо порезать ломтиками. В солянку можно также добавить порезанные сосиски, ветчину и т.д. Лук, огурцы и мясо (сосиски) положить в бульон и поставить вариться на 10 минут. Добавить соль, лавровый лист, незадолго до окончания варки - кружочки помидоров и маслины. Солянку подают на стол со сметаной, посыпав зеленью. По желанию добавляют сок лимона.",мясоед,"свинина,соленый огурец,помидор,лук,маслины",обед,"0,5 кг. мясо 4-6 шт. соленые огурцы 2  шт. лук 2-3 шт. помидоры 1 б.  по вкусу маслины б/к по вкусу лавровый лист",Солянка со свининой,80
"Смешайте в блендере холодную воду, масло и щепотку соли. У вас должна получиться белая пена. В большой миске смешайте муку, имбирь, корицу, мускатный орех, сахар. Соедините сухие ингредиенты с взбитым маслом, перемешайте и вымесите тесто. Оставьте его в холодильнике на 10 минут. Раскатайте тесто толщиной в сантиметр и вырежьте печенья любыми формочками. Выпекайте при температуре 180 градусов 15—20 минут.",веган,"мука,масло,соль,сахар,имбирь,мускатный орех,корица",перекус,2 стак. Мука 1 стак. Масло (растительное или кокосовое) 1  стак. Вода (ледяная) по вкусу Соль по вкусу Сахар (или подсластитель) по вкусу Имбирь (порошок) по вкусу Мускатный орех по вкусу Корица (молотая),Имбирное печенье,30
"Разогрейте духовку до 180 градусов. Нарежьте кубиками багет, предварительно избавившись от корки. В большой миске смешайте сливочное масло с одной столовой ложкой оливкового и добавьте хлеб. Встряхните миску, чтобы хлебные кубики полностью пропитались маслом. Добавьте соль, чёрный и кайенский перцы, перемешайте. Возьмите большой противень с низкими стенками, выстелите бумагу для выпечки. Для придания пикантного аромата натрите поверхность бумаги очищенным чесноком. Выложите хлебные кубики в один слой и выпекайте в духовке до золотистой корочки в течение 10 минут. Для соуса выложите анчоусы в деревянную миску, добавьте измельчённую головку чеснока и чайную ложку соли. Используя две вилки, измельчите чеснок и анчоусы до состояния пасты. Вмешайте перец, лимонный сок, вустерширский соус, горчицу и яичный желток. Добавьте в получившуюся смесь 0,5 стакана оливкового масла. Салат ромэн промойте, избавьтесь от верхних листьев, хорошенько просушите, разорвите на небольшие кусочки и добавьте в миску к соусу, следом отправив туда сухарики и тёртый сыр. При желании посыпьте ещё сверху сыром — и сразу к столу. Замаринуйте курицу: разрежьте филе на тонкие полоски, натрите их солью, чёрным перцем и раздавленным чесноком. Уберите на час в холодильник. Разогрейте духовку до 200 градусов, положите курицу на противень и запекайте в течение 20 минут. После того как кусочки филе остынут, выложите их поверх готового салата «Цезарь».",мясоед,"масло,перец,хлеб,курица,анчоусы,горчица,яйцо,сыр,соль,чеснок",ужин,"2 ст. л. Масло (растопленное несолёное масло) 0,5 стак. Масло (оливковое extra virgin) 1  шт. Хлеб (свежий багет) 1/4 ч. л. Перец (кайенский) 4  филе Анчоусы 1  ст. л. Лимон (свежевыжатый лимонный сок) 1  ст. л. Соус (вустерширский) 1/2  ч. л. Горчица (дижонская) 1 шт. Яйца 500 г. Салат (ромэн) 100 г. Сыр (тёртый пармезан) по вкусу Перец по вкусу Соль 4 шт. Курица (куриное филе) 3 зуб. Чеснок",«Цезарь» с курицей,20
"Подготовить необходимые ингредиенты. Перемолоть в блендере творог, брынзу, яйца, натертые на крупной терке, мелко порезанную зелень и сметану. Помидоры помыть и у каждого помидора отрезать небольшой кусочек под углом. Затем соединить две половинки помидоров. Получится сердечко Сформировать сердечки из всех помидоров. Совет! Сердечки можно скрепить зубочистками и украсить ими любое другое блюдо. Отрезанные кусочки помидоров добавить в начинку и перемешать ложкой. Заполнить тарталетки полученной начинкой, а сверху выложить помидорные сердечки. Затем можно украсить тарталетки красными икринками, разложив их вокруг сердечек. Приближается День Святого Валентина и можно порадовать своих любимых и близких такой закуской!!!",мясоед,"икра красная,тарталетка,сыр,творог,яйцо,помидор,укроп",перекус,"10 для украшения Икра красная 150 шт. Тарталетки 100  г. Творог 3 г. Брынза или фета 2  ст. л. Сметана 20  шт. Яйцо куриное 
5 шт. Помидоры черри по вкусу Укроп",Тарталетки «Сердце»,15
Натрите картофель на крупной терке Выложите натертый картофель в миску и залейте холодной водой Нарежьте лук мелкими кубиками Тщательно отожмите картофель Замесите тесто на драники Густоту теста ровняйте мукой Обжарьте на среднем огне Переверните и обжарьте вторую сторону на среднем огне Выложите драники на бумажное полотенце Приятного аппетита!,веган,"картофель, лук, яйцо, мука, соль, перец",завтрак,"500 г. Картофель 1 шт. Лук-порей 2  шт. Куриное яйцо 3 ст. л. Мука по вкусу Соль, перец",Драники домашние,25
"Разогрейте духовку до 180 °С. Застелите два противня бумагой для выпечки. В большой кастрюле нагрейте мед и масло, пока не появятся пузырьки. Добавьте геркулес, миндаль и корицу. Хорошо размешайте смесь деревянной ложкой, пока весь геркулес не пропитается. Переложите массу на противни и разровняйте. Поставьте в духовку и готовьте 20-25 мин., до золотистого цвета, перемешайте 1 раз во время приготовления. Выньте противни из духовки и, пока смесь еще горячая, добавьте клюкву и кусочки Курага. Перемешайте и снова разровняйте мюсли на противнях, оставьте до полного остывания. Готовые мюсли храните в герметичном контейнере 3 недели. Подавайте с йогуртом, фруктами или молоком.",веган,"мед,геркулес,миндаль,курага,клюква,масло,корица",завтрак,200 г. Мед натуральный 300 г. Геркулес 100  г. Миндаль сладкий 100 г. Курага 50  г. Клюква вяленая 4  ст. л. Растительное масло 1  ч. л. Корица,Медовые мюсли,40
"Натереть морковь, добавить 2 ложки мюсли ( желательно фруктовые или с изюмом). Добавить яйцо, перемещать, посыпать корицей. Сформировать котлетки и жарить до полной готовности.",веган,"морковь,мюсли,яйцо,корица",завтрак,"1 шт. Морковь 2 ст.л. Мюсли 1  шт. Яйцо куриное ½ ч.л. Молотая корица
",Морковные котлеты с мюсли,60
"Лимон хорошо вымыть, порезать на крупные куски прямо с кожурой. Достать все косточки и измельчить на кусочки (в блендере). Курага должна быть эластичная. Если она сухая, то предварительно замочите её в кипятке. Потом измельчите также как и лимон Орехи также измельчить. Смешать курагу, лимон, добавить мед, орехи и всыпать хлопья геркулеса. Хорошенько вымешать. Уложить массу на антипригарный противень толщиной примерно 1 см и хорошо утрамбовать Поставить в духовку при температуре 200 градусов на 15-20 минут. Следить чтобы не подгорело. После вытащить, переложить на пищевую пленку, полностью завернуть в пленку и хорошенько утрамбовать до плотного состояния. Убрать в холодильник до полного застывания на 3-4 часа. Порезать на батончики. Приятного аппетита!",веган,"курага,мед,миндаль,лимон,орехи,геркулес",перекус,100 г. Курага 3 ст.л Мед 40  г. Миндаль 1/2 шт. Лимон 40  г. Орехи грецкие 40  г. Геркулес,Лимонные батончики-мюсли,40
"Разогрейте духовку до 180 °С. Раздавите, очистите и измельчите чеснок. Очистите желтую луковицу и нарежьте тонкими перьями. Обжарьте лук и чеснок с оливковым маслом до золотистого цвета, снимите с огня, немного остудите. Пропустите мясо, сало, очищенный картофель и половину луково-чесночной смеси через мясорубку с крупной решеткой. Посолите фарш, по-перчите, тщательно вымесите и отбейте об доску. Мокрыми руками формируйте круглые котлеты. Нагрейте антипригарную сковороду с жаропрочной ручкой, жарьте котлеты без масла на сильном огне до румяной корочки с обеих сторон. Переставьте сковороду в духовку на 10–15 мин. Для соуса проварите оставшийся лук с чесноком, брусникой, розмарином, уксусом, медом, солью и перцем. Подавайте котлеты с брусничным соусом.",мясоед,"баранина, сало, картофель, лук, чеснок, розмарин, брусника, мед, уксус, оливковое масло",ужин,"700 г. баранина 200 г. курдючье сало 1  шт. картофель 1 шт. лук 1  шт. красный лук 4  зуб. чеснок по вкусу розмарин 400  г. брусника 1 ч. л. мед 1 ст. л. яблочный уксус по вкусу оливковое масло по вкусу соль, перец
",Котлеты из баранины с брусникой,30
"Предварительно размягчить сливочное масло. Шнитт-лук и петрушку мелко нарезать. Чеснок можно также нарезать или пропустить через чесночницу. Далее нужно, сперва обварив лимон в кипятке, выдавить из него сок, а цедру перетереть. После этого, тщательно перемешать в мисочке масло, шнитт-лук, петрушку, чеснок, лимонный сок и цедру. Полученную смесь охладить в морозилке. Для этого лучше всего завернуть её в пищевую плёнку или фольгу. Затем обработать курятину. Делается это так: сначала промыть грудки, затем завернуть в полиэтилен или просто положить в пакет и аккуратно раскатать скалкой на столе. Цель - сделать их достаточно тонкими. Отбивать их при этом не рекомендуется. После этого следует посолить курятину и поперчить - по вкусу. Далее, каждый кусок нежной птичей грудки нужно свернуть таким образом, чтобы можно было положить во внутрь кусочек предварительно приготовленной и замороженной смеси масла со специями. Следует обратить внимание, что обязательно нужно закрепить полученный брикет так, чтобы из него во время жарки не вытекал «сок». Яйца следует взбить в отдельной посуде, добавив немного воды (1 ст. ложка). Котлеты по-киевски обмакнуть, сперва, во взбитом яйце, а затем в муке. После этого посыпать сухарями или просто обвалять в них. Теперь котлеты по-киевски готовы к термической обработке. Жарить птичьи котлеты следует во фритюре в течение 9-11 минут. Оставшуюся начинку из масла всегда можно будет так же использовать, например - сделать бутерброды.",мясоед,"курица, масло, яйцо, мука, панировочные сухари, лимон, соль, перец, лук, чеснок",ужин,1 кг. Куриная грудка 250 г. Масло сливочное 2  шт. Яйцо куриное 0.5 стак. Мука 0.5  стак. Сухари панировочные 20  г. Вода 3  ст. л. Лимонный сок 2  ст. л. Лимонная цедра по вкусу Зелень петрушки по вкусу Шнитт-лук по вкусу Чеснок по вкусу Соль по вкусу Перец черный молотый,Куриные котлеты по-киевски классические,70
"Промытое филе нарубите на маленькие кусочки (1,5 см). Лук почистите и нашинкуйте. Смешайте его с рыбой. Также добавьте укроп. Внесите к ингредиентам перец, соль и яйца. Замешайте фарш. Разогрейте масло на сковороде. Сформируйте из фарша котлетки. Жарьте их с каждой стороны до румяного цвета. Приятного аппетита!",мясоед,"щука, лук, яйцо, укроп, масло, соль, перец",обед,"200 г. Щука филе 1 шт. Репчатый лук 2  шт. Яйцо 3 ст.л. Укроп рубленный 5  ст.л. Растительное масло 0,5  ч.л. Соль 0,3  ч.л. Чёрный молотый перец
",Рубленные рыбные котлеты,40
"Лук очистить и нарезать кольцами или полукольцами. Сыр натереть на крупной терке. Мясо вымыть, обсушить и нарезать поперек волокон на пласты толщиной 1 см. Каждый пласт мяса хорошо отбить, посолить и поперчить. На смазанный маслом противень выложить мясо. Сверху на мясо, положить лук (не очень толстым слоем). Полить мясо майонезом. Посыпать тертым сыром. Запекать в течение 25 минут при температуре180 градусов. Готовому мясу дать настояться 10–15 минут. Подавать горячим, посыпав зеленью.",мясоед,"свинина, лук, сыр, перец, майонез, соль, зелень",ужин,3 шт. Репчатый лук 500 г. Свинина 300  г. Твердый сыр по вкусу Свежемолотый черный перец 400  г. Майонез по вкусу Соль по вкусу Зелень,"Мясо по‑французски
",50
"Сначала сделайте из вареной картошки пюер. Затем смешайте пюре с обжаренным луком. Если нужно, посолите. Теперь займемся тестом: соль и соду растворите в воде, постепенно добавляйте муку, пока не замесится тесто нужной консистенции. Тесто должно быть пластичным, но плотным. Раскатайте тесто, наделайте кружочков, и теперь начинаем лепить вареники, не забывая выкладывать картофельную начинку в центр каждого кружочка теста. Вареники можно сразу отварить в кипятке, а можно отправить в морозилку и оставить на потом. Вот такие красивые вареники вегетарианские получаются. Приятного аппетита!",вегетарианец,"картошка,лук,оливковое масло,соль,сода,вода,мука",ужин,"4 шт. Картошка 0,5 шт. Лук 1  ст.л. Оливковое масло 1 ч.л. Соль 0,5  ч.л. Сода 1  Чашка Вода  По вкусу Мука",Вареники вегетарианские,65
"Для теста смешать 0,5 килограмма пшеничной муки и 430 грамм картофельного крахмала, разбить в смесь 4 яйца, размять массу руками. Постепенно влить холодную воду, начав с одной столовой ложки, и добавлять по ­необходимости: тесто должно стать однородным. Положить ком на присыпанную мукой ­поверхность и хорошо его размять, тесто должно стать шелковистым и не липнуть к рукам. Накрыть пленкой, дать постоять при комнатной температуре двадцать минут. Раскатать в пласт толщиной 3 мм и вырезать кружки диаметром около 8 см. Очищенные и разрезанные пополам картофелины закинуть в кастрюлю с водой, туда же отправить луковицу и морковь; их можно предварительно обжечь горелкой для более сильного вкуса. Поставить кастрюлю на средний огонь. Добавить лавровый лист и специи по вкусу, посолить и варить до мягкости картошки. Лук и морковь выбросить, воду слить. Нарезать шампиньоны и оставшийся лук мелкими кубиками, обжарить на растительном масле до мягкости, дать остыть. Картофель превратить в пюре толкушкой, смешать с луком и шампиньонами. Попробовать, посолить и поперчить, если нужно. Слепить вареники: на один кружок теста брать примерно две чайные ложки начинки. Можно взять и больше — для крупных вареников. В кастрюле довести полтора литра воды до кипения: за­брасывать вареники в нее ­порциями по 9–10 штук. После того как они всплывут, варить их еще семь минут до готовности. Вареники положить в тарелку, полить растопленным сливочным маслом и сметаной.",веган,"тесто,картофель,лук,морковь,гриб,масло,сметана,соль,перец",завтрак,1 кг. Тесто для вареников ½ кг. Картофель 3  шт. Репчатый лук 1 шт. Морковь 100  г. Шампиньоны 20  мл. Растительное масло 80  г. Сливочное масло 150  г. Сметана 1 шт. Лавровый лист по вкусу Специи по вкусу Соль по вкусу Молотый черный перец,Вареники с картошкой и грибами,55
"Для теста смешать 0,5 килограмма пшеничной муки и 430 грамм картофельного крахмала, разбить в смесь 4 яйца, размять массу руками. Постепенно влить холодную воду, начав с одной столовой ложки, и добавлять по ­необходимости: тесто должно стать однородным. Положить ком на присыпанную мукой ­поверхность и хорошо его размять, тесто должно стать шелковистым и не липнуть к рукам. Накрыть пленкой, дать постоять при комнатной температуре двадцать минут. Раскатать в пласт толщиной 3 мм и вырезать кружки диаметром около 8 см. Куриное филе отварить до готовности в подсоленной воде. Бульон не выливать — он пригодится позже, а мясо пропустить через мясорубку. Две луковицы и грибы мелко нарезать и обжарить на растительном масле до мягкости лука, примерно шесть минут. Перемешать куриный фарш с луком и грибами, попробовать, посолить и поперчить при необходимости. Измельчить петрушку и укроп, добавить в начинку, все пере­мешать. Приготовить карамелизованный лук: две оставшиеся луковицы нарезать полукольцами, обжарить на сливочном масле и тушить на медленном огне в течение пятнадцати минут. Луковая масса должна потемнеть и стать вязкой. Слепить вареники: в каждый положить две чайные ложки начинки. Или больше — для крупных вареников. Сварить в кипящей воде: каждая порция будет вариться семь-восемь минут. Подать, украсив карамелизованным луком.",мясоед,"тесто,курица,гриб,лук,укроп,петрушка,масло,соль,перец",обед,1 кг. Тесто для вареников 150 г. Шампиньоны 700  г. Куриное филе 4 шт. Репчатый лук 3  шт. Стебли укропа 3  стебля Петрушка 20  мл Растительное масло 30  г. Сливочное масло по вкусу Соль по вкусу Молотый черный перец,Вареники с курицей и грибами,55
"Для теста смешать 0,5 килограмма пшеничной муки и 430 грамм картофельного крахмала, разбить в смесь 4 яйца, размять массу руками. Постепенно влить холодную воду, начав с одной столовой ложки, и добавлять по ­необходимости: тесто должно стать однородным. Положить ком на присыпанную мукой ­поверхность и хорошо его размять, тесто должно стать шелковистым и не липнуть к рукам. Накрыть пленкой, дать постоять при комнатной температуре двадцать минут. Раскатать в пласт толщиной 3 мм и вырезать кружки диаметром около 8 см. В глубокую сковороду налить рафинированное растительное масло, поставить на средний огонь. Слепить вареники. В середину каждого кружка положить три-че­ты­ре замороженных вишни, присыпать хорошей щепот­кой са­хара, добавить немного зерен ванили, выскобленных из стручков. Скрепить края. Опустить порцию вареников в разогретое масло: вынуть ­шумовкой через три-четыре ­минуты, когда они станут золотистыми, положить в тарелку. Посыпать сахарной пудрой.",веган,"тесто,сахар,вишня,ваниль,масло",завтрак,1 кг. Тесто для вареников 150 г. Сахар 1  кг. Замороженная вишня 2 шт. Ванильный стручок 1  л Растительное масло,Вареники с вишней во фритюре,80
"Все ингредиенты перемешать и на ночь отправить в холодильник. А если утром замесили, то минут на 20–25 отправить в морозилку. Затем посыпать стол манкой или мукой и сделать из этой массы творожной колбаску, разрезать на маленькие части и отправить в кипящую воду. Варить 5 минут после закипания. При подаче полить йогуртом и посыпать ягодами.",веган,"яйцо,творог,мука",завтрак,2 шт. Яйцо куриное 500 г. Творог 1%-ный 3  г. Пшеничная мука,Ленивые творожные вареники,30
"Все овощи посолите, поперчите и обжарьте (кроме помидоров) порциями на сковороде, разогретой с оливковым маслом. Выложите на бумажные полотенца. Фету нарежьте крупными кубиками. В форму выложите слоями баклажаны, фету, кабачки, помидоры, фету, перец, помидоры, фету, баклажаны. Полейте лазанью соевым соусом и запекайте в духовке 30 минут при 200 °С.",веган,"баклажан,кабачок,перец,помидор,сыр,базилик,соевый соус,соль,перец,масло",ужин,2 шт. Баклажан 1 шт. Кабачок 1  шт. Перец сладкий болгарский 2 шт. Помидор 250  г. Фета по вкусу Базилик 2  ст. л. Соевый соус по вкусу Поваренная соль по вкусу Перец черный молотый по вкусу Оливковое масло,Лазанья без теста,40
"Чистим кабачок. а потом подобным образом, словно продолжая чистить, «нарезаем» его на тонкие длинные полосы Готовим соус: взбиваем в блендере томаты, перец и специи. Выстилаем форму слоем кабачковых полосок, промазываем соусом и выкладываем начинку (я приготовила курочку в пароварке и выкладывала уже готовую. Если ваша начинка из овощей, мелко порубите их и добавьте) и снова выкладываем слой кабачков, соуса, начинки, кабачков, соуса. Сверху посыпаем тертым сыром. Ставим в духовку, разогретую до 180–200 градусов, и готовим до румяной сырной корочки примерно 20 минут. Подавать на стол можно прямо в форме или выложить на тарелку.",мясоед,"курица,кабачок,перец,сыр,помидор",ужин,1 кг. Кабачки 1 шт. Сладкий перец 200  г. Куриная грудка по вкусу Специи 100  г. Сыр 1  кг. Помидоры,Лазанья из кабачков,50
"Готовый бисквитный корж у меня был один, но толстый. Поэтому я его разрезала и, по сути, сделала свои ""савоярди"". Теперь займемся кремом: белки от желтков отделите. Белки должны быть холодными, держите их в холодильнике до взбивания. Желтки смешайте и взбейте с сахаром (я добавляю парочку чайных ложек). Белки тоже взбейте с сахаром и щепоткой соли в пену. Маскарпоне разомните вилкой, затем в него добавьте взбитые желтки. Постепенно добавляйте и белки. Взбивайте на небольшой скорости. Крем должен выйти однородным и густым. Начинаем собирать тирамису: смажьте дно формы кремом. Разрезанный бисквит обмакните в смесь кофе и ликера. Затем выложите его поверх крема. Сверху вылейте оставшийся крем. Процедуру можете повторять, пока будет хватать бисквита и крема. Но два слоя — более чем достаточно. Последний слой должен быть из крема. Сверху можете посыпать тирамису какао-порошком или тертым шоколадом. Советую дать тирамису пропитаться в холодильнике часок. Десерт станет намного вкуснее! Вот такой красивый и вкусный тирамису из готовых коржей получается. Приятного чаепития!",веган,"маскарпоне,сыр,бисквит,яйцо,кофе,ликер,сахар,шоколад,какао",перекус,300 г. Маскарпоне 1 шт. Бисквитный корж 4  шт. Яйца 300 мл. Кофе 50  г. Ликер по вкусу Сахар по вкусу Шоколад или какао-порошок,Тирамису из готовых бисквитных коржей,25
"Подготовить ингредиенты. Разрезать тостовый хлеб по диагонали или пополам. Выложить хлеб на противень, по возможности смазать его майонезом. Сверху положить лист салата. Нарезать болгарский перец длинной соломкой. Помидор нарезать кружочками, сыр - длинными пластами. Шампиньоны нарезать слайсами, масло - маленькими кубиками. Выложить на хлеб с салатом болгарский перец, шампиньоны, помидор, сливочное масло. Сверху закрыть сыром. Поставить противень в предварительно разогретую до 200˚С духовку на 5 минут. Готово! Приятного аппетита!",веган,"хлеб,перец,гриб,помидор,сыр,салат,майонез,горчица,масло",перекус,50 г. Хлеб 1 шт. Перец болгарский (паприка) 2  шт. Шампиньоны 1 шт. Помидоры 50  г. Сыр 30  г. Салат 25  г. Майонез 25  г. Горчица 40 г. Масло сливочное,Горячие бутерброды с шампиньонами,20
"Свежие и чистые (без темных пятен) шампиньоны нужно очистить от кожицы, нарезать на некрупные кусочки, немного посолить и обжарить в масле в сковороде. Поджаренные грибочки немного остудить. Далее наши сочные спелые помидорчики нарезаем кубиками. Грудинку курицы нужно отварить в чуть подсоленной воде, потом также необходимо нарезать их кубиками. Всё, можно всё тщательно перемешать и добавить немного лимонного сока. Теперь внимание! Готовое блюдо можно накладывать на листике салата каждому гостю отдельно. Украсьте порции маслинками и посыпьте тертым грецким орехом. А вместе с салатом подайте в пиале белые сухарики. Теперь точно всё готово, и вы можете приступать к приему пищи! Приятного аппетита!",мясоед,"гриб,орех,курица,помидор,сухари,лимон,маслины",обед,350 г. Шампиньоны 300 г. Куриная грудка (филе) 1  шт. Помидоры 100 г. Сухари по вкусу Лимонный сок 10  шт. Маслины 0.25  стак. Орехи грецкие,"Салат с шампиньонами, помидорами и курицей",30
"Кальмара помойте, удалите хрящики и пленки. Нарежьте кусочками или полукольцами на свое усмотрение. Шампиньоны помойте, нарежьте пластинками. Лук почистите, измельчите. Разогрейте масло на сковороде. Выложите в неё лук и грибы. Включите средний огонь. Как грибы пустят сок, убавьте огонь и готовьте 4 минуты. Затем добавьте муку и перемешайте, продолжая готовить на медленном огне. Потом добавьте кальмара. Посолите, поперчите, влейте воду и лимонный сок. Тушите блюдо под крышкой в течение трёх минут. Выключите огонь, перемешайте и оставьте на 1 минуту настояться под крышкой. Зелень помойте и мелко нарежьте. Насыпьте ее в готовое блюдо и готовьте ещё 2 минуты. Разложите по тарелками и подавайте. Приятного аппетита!",мясоед,"кальмар,гриб,лук,мука,вода,лимон,зелень,масло,перец,соль",ужин,300 г. Кальмар тушка 150 г. Шампиньоны 1  шт. Репчатый лук 1 г. Мука 8  г. Вода 1  г. Сок лимона 1  г. Зелень 2  г. Растительное масло по вкусу Чёрный молотый перец по вкусу Соль,"Кальмары, тушенные с шампиньонами",40
"Мелко нарезать лук, помидоры и болгарский перец, добавить кукурузу (по желанию), обжарить все на небольшом количестве масла, переложить в миску, по желанию, можно добавить мелко нарезанный укроп (для свежести). Куриное филе нарезать тонкими брусочками (не более 1 см толщиной) и обжарить в оливковом масле на сильном огне 2–3 минуты, помешивая. Добавить томатную пасту, соль и перец, перемешать, подержать на огне еще 1 минуту и переложить мясо к овощам. Сыр чеддер натереть на крупной терке (также это может быть пармезан, гауда или другой твердый/полутвердый сыр). В тортилью на половину посыпать сыр, затем выложить начинку, сверху — еще слой сыра, накрыть второй половиной тортильи, разрезать пополам (как на картинке) и обжарить на сковороде или гриле 2–3 минуты с одной стороны, затем аккуратно перевернуть и поджарить с другой стороны еще 1–2 минуты.",мясоед,"курица,лук,помидор,сыр,перец,кукуруза,укроп,томатная паста,тортилья,соль,перец,масло",завтрак,3 шт. Куриная грудка 1 головка Репчатый лук 1  шт. Помидоры 100 г. Сыр чеддер 1  шт. Красный сладкий перец по вкусу Консервированная кукуруза по вкусу Укроп 100  г. Томатная паста 6 шт. Тортильи по вкусу Соль по вкусу Молотый черный перец по вкусу Оливковое масло,Кесадилья с курицей,60
"Измельчить оливки, лук, шпинат. Черри разрезать пополам. Болгарский перец порезать кубиками. Сыры поломать на кусочки руками. Болгарский перец немного обжарить на капле оливкового масла. Положить тортилью на сковороду. Слегка смазать ее оливковым маслом и перевернуть на другую сторону. Половину тортильи посыпать листьями шпината, оставив непосыпанным край. То же самое повторить с луком, жареным перцем, томатами, оливками, сыром фета и моцареллой, орегано и острым перцем. Накрыть все оставшейся половиной тортильи. Раскалить сковородку или гриль, при необходимости смазав маслом. Аккуратно выложить собранные кесадильи на сковороду и жарить, поворачивая, пока тортильи не подрумянятся, а сыр не расплавится.",веган,"тортилья,шпинат,лук,оливки,сыр,фета,моцарелла,орегано,перец,помидор",перекус,4 шт. Тортильи 30 мл Оливковое масло 15  шт. Свежие листья шпината 1 головка Красный лук 200  г. Оливки без косточек 350  г. Сыр моцарелла 15  шт. Свежие листья орегано 190  г. Сыр фета 2 шт. Красный сладкий перец по вкусу Красный перец хлопьями 16 шт. Красные помидоры,Кесадилья по‑гречески,40
"Отрезать от батона — можно обычного нарезного — три среднего размера ломтика. Корки срезать не надо. Положить их в миску и залить питьевой водой так, чтобы она полностью покрывала хлеб. Замочить хлеб можно и в молоке, но это уже будет некошерно. Очистить и крупно нарезать лук и целое яблоко. Количество лука зависит от вкуса едоков, но помните: чем дольше хранится форшмак, тем сильнее луковый дух. Оставшаяся половинка яблока пойдет на украшение, ее лучше не нарезать заранее, чтобы не успела потемнеть. Пропустить через мясорубку филе сельди, сваренные вкрутую яйца, лук, яблоки и хорошо отжатый хлеб. Выбирать решетку нужно исходя из требуемой текстуры форшмака. Можно и не пользоваться мясорубкой, а нарубить все ингредиенты ножом — это аутентичнее Подлить в получившийся форшмак белый уксус и хорошо перемешать. Можно добавить масло, оставшееся в упаковке сельди, и снова сделать массу однородной. Листы мацы разделить на прямоугольники, используя хлебный нож с волнистой режущей кромкой Переложить форшмак в кондитерский рожок и сделать им на каждом куске мацы фигурные горочки. Украсить ломтиками яблока и петрушкой. Получается красивая порционная сервировка — конечно, дома делают проще, выкладывая форшмак кирпичиком на блюдо",мясоед,"селедка,яблоко,хлеб,лук,яйцо,уксус,маца,петрушка",обед,500 г. Сельдь соленая 2 шт. Яблоки 100  г. Хлеб 0.5 шт. Лук репчатый 3  шт. Яйцо куриное 1  ч. л. Уксус 3  шт. Маца по вкусу Петрушка,Форшмак с мацой,80
"С булочек снять корки, раскрошить и залить их молоком. Оставить на 5-10 минут. Мелко нарубить шалот. Огурцы нарезать соломкой. Селедку нарезать не крупным кубиком, затем добавить к ней отжатую булочку и сливочное масло и продолжить рубить, смешивая ингредиенты до однородной массы. Добавить шалот, лимонный сок и еще раз прорубить все ножом. На ломтик бородинского хлебы выложить огурец, а сверху кнель форшмака.",мясоед,"селедка,лук,огурец,лимон,хлеб,масло,молоко",перекус,2 шт. Слабосоленая сельдь 2 шт. Свердловская булочка 2  шт. Лук-шалот 1 шт. Огурцы ½  шт. Лимоны 60  г. Сливочное масло по вкусу Бородинский хлеб 400  мл Молоко,Одесский форшмак,60
"Продукты которые понадобятся для приготовления кабачковой икры со свеклой. Свеклу отварить. Кабачки выбирайте молодые, но крупные, удалите семена и кожу. Свеклу натереть на крупной терке Кабачки натереть на крупной терке Лук почистить и порезать полукольцами, налить на дно кастрюли растительное масло положить туда лук и обжарить до золотистого цвета. Добавляем соль, сахар, уксус, кабачки, свеклу, тушим 20 минут. Разложить салат по банкам и закатать. Хранить в прохладном месте,. Приятного аппетита!",веган,"свекла,кабачок,лук,масло,сахар,соль,уксус",перекус,2 г. Свекла отварная 2 г. Кабачки 2  г. Лук 1 стак. Масло растительное 2  стак. Сахар 2  ст. л. Соль 1  стак. Уксус,Кабачковая икра со свеклой,30
"Кабачки, лук, морковь почистите и помойте. Нарежьте овощи кусочками. Помидоры помойте, обсушите и крупно нарежьте. Овощи пропустите через мясорубку и поставьте на огонь. Добавьте соль, сахар, масло. Доведите смесь до кипения. Потом варите в течение 40 минут, помешивая. После этого икру разлейте по подготовленным банкам и закатайте или плотно закупорьте закручивающимися крышками. Приятной дегустации!",веган,"кабачок,помидор,лук,морковь,масло,сахар,соль",завтрак,"1,5 Килог. Кабачок 2 Килог. Помидор 500  г. Репчатый лук 500 г. Морковь 250  мл. Растительное масло 5  ст.л. Сахар 2,5  ст.л. Соль",Кабачковая икра с помидорами,40
"Помойте и очистите от кожуры и семян кабачки, порежьте их мелкими кусочками. Отправьте кабачковую массу в кастрюлю, залейте её водой. Поставьте на огонь, доведите до кипения и оставьте на 2 минуты. Откиньте кабачки на дуршлаг и оставьте на 10 минут, чтобы лишняя жидкость стекла. Переместите кабачки в большую глубокую сковороду с толстым дном. Залейте маслом, добавьте томатную пасту. Не забудьте посыпать солью. Хорошенько размешайте и накройте крышкой. Время тушения – 25-30 минут. Не забудьте перемешать овощную смесь во время этого процесса еще раз. Тушеная кабачковая икра готова!",веган,"кабачок,масло,томатная паста,соль",перекус,900-1000 г. Кабачки 100 г. Растительное масло 500  г. Густая томатная паста со специями 1 г. Соль,Кабачковая икра тушеная,40
"Помидоры настрогаем тонкими дольками. Кабачки, если староваты, очистим от кожуры и удалим из них семена. Молодые - только помоем. Нарежем их крупной соломкой, пересыпем солью и убирем в холодильник на ночь. Они пустят сок, его сольем, отжав сами кабачки. Помытый лук почистим и нарежем кубиками. Соломкой нарежем перец, помытый и очищенный от семян. Как только мы подготовим все продукты, сложим в большую кастрюлю все ингредиенты нашего маринада. Перемешаем все и доведем до кипения. А потом каждые 10 минут добавляем в эту смесь овощи, все время перемешивая лечо. Сначала идут кабачки, 10 минут их тушим, следом - лук. Через 10 минут - сладкий перец, через другие 10 минут - помидоры. На последних 10 минутах выключаем газ. Лечо готово. И мы его разольем по стерилизованным банкам и закатаем.",вегетарианец,"помидор,кабачок,лук,перец,томатный соус,соль,сахар,уксус,масло,чеснок",перекус,1 г. Помидоры 3 г. Кабачки 6  шт. Лук репчатый 6 шт. Перец сладкий 1  по вкусу Соус томатный острый 1  ст. л. Соль 1.5  стак. Сахар 0.5  стак. Уксус 1 стак. Масло растительное 1 ст. л. Чеснок,Лечо из помидор,30
"В подходящей по размеру таре растапливаем сало до появления шкварок. В растопленном сале обжариваем лук, порезанный полукольцами, до прозрачности, а затем добавляем туда порезанную тонкой соломкой морковь и столовую ложку сушеной паприки. Перемешиваем. Через минуту добавляем широкие полоски болгарского перца, перемешиваем, а еще через минуту — томаты. При желании их можно обесшкурить, но это мещанство. Убавляем огонь, накрываем крышкой и тушим 30–35 минут. Затем добавляем рубленый чеснок, уксус, соль и сахар. Очень аккуратно перемешиваем. Снова накрываем крышкой и тушим еще 8–10 минут. Вкус должен получиться очень насыщенным, и даже немного «слишком» — это нормально. В последствии, при остывании, он стабилизируется. Остужаем и раскладываем по стерилизованным банкам. Употребляем холодным.",вегетарианец,"перец,помидор,морковь,лук,чеснок,сало,паприка,уксус,винный уксус,соль,сахар",обед,3 кг. Сладкий перец 900 г. Помидоры 3  шт. Морковь 4 шт. Репчатый лук 1  головка Чеснок 70  г. Свиное сало 1  ст.л. Сладкая паприка 3  ст.л. Белый винный уксус 2 ст.л. Сахар 1 ст.л. Соль,Венгерское лечо,15
"Говядину нарезаем небольшими кусочками. Готовим мы без масла, поэтому тушим ее в воде. Для соуса на раскаленную сковороду отправляем немного муки и обжариваем. Добавляем немного воды и смотрим, чтобы не быо комочков. Добавляем поулченную массу в говядину. Лечо также отправляем к говядине и тушим около 40 минут. Приятного аппетита!",мясоед,"мука,лечо,говядина",обед,300 г. Мука пшеничная высшего сорта 300 г. Говядина 400  г. Лечо,Гуляш с лечо,80
"Отвариваем курицу. Пока она готовится, протираем грецкие орехи. Обжаренный на маленьком огне лук охлаждаем до комнатной температуры. Разбиваем сырое яйцо, добавляем петрушку, чеснок, поджаренный лук и смешиваем с измельченными орехами. Вливаем куриный бульон и взбиваем соус. Солим, добавляем приправы, уксус (по желанию). Отварную курицу режем кусками, выкладываем в кастрюлю, заливаем соусом и доводим до кипения на среднем огне. После этого снимаем и даем настояться около трех часов. Подается в холодном виде. Сверху сациви можно украсить зеленью или зернами граната.",мясоед,"курица,орех,чеснок,яйцо,бульон,кинза,хмели-сунели,кориандр,перец,шафран",обед,1 шт. Курица 400 г. Грецкий орех по вкусу Чеснок 1 шт. Куриное яйцо 400  г. Куриный бульон 1  ст. л. Натуральный уксус по вкусу Кинза по вкусу хмели-сунели по вкусу имеретинский шафран по вкусу черный перец по вкусу молотый кориандр,Сациви из курицы по грузински,70
"Индейку положить в глубокую кастрюлю и залить водой. Отварить, вынуть, остудить. Снять с бульона жир, припустить на нем мелко нарезанный лук в глубокой сковороде или кастрюле. Остальной бульон процедить, дать немного остыть. Грецкие орехи пропустить через мясорубку 2-3 раза, чтобы не осталось твердых комочков. Добавить измельченные орехи к луку. Развести бульоном, дать им набухнуть и добавить все специи, кроме уксуса. Постепенно добавить остальной бульон. Лучше, чтобы не оплошать, начать с половины бульона и потом добавлять понемногу. Варить сациви в течение 6 часов до консистенции жидкой сметаны, постоянно помешивая. Если сациви подгорит, даже чуть-чуть, вкус будет совсем не тот. Тем временем, отваренную индейку обжарить в духовке в течение 20 минут в духовке при 250 градусах. Достать, остудить и разделать на порционные куски- не слишком крупные, но и не маленькие, как в рагу. Когда масса загустела и понятно по вкусу, что блюдо уже правильное, заложить нарезанную индейку. Как только сациви закипит, добавить 2 столовые ложки белого винного уксуса, перемешать и выключить. Убрать в холодильник на ночь, чтобы блюдо настоялось и насытилось вкусом.",мясоед,"индейка,орехи,лук,перец белый,уцхо-сунели,чеснок,гвоздика,шафран,соль,винный уксус,уксус",ужин,3 кг. Индейка 800 г. Очищенные грецкие орехи 600  г. Репчатый лук 25 г. Молотый белый перец 3  ч.л. Уцхо-сунели 25  г. Чеснок 5  г. Гвоздика 2  ч.л. Имеретинский шафран по вкусу Соль 2 ст.л. Белый винный уксус,Сациви,90
"Индейку положить в сотейник, залить куриным бульоном, добавить луковицу, морковь, стебли и корни кинзы, кориандр. Довести до кипения и варить на медленном огне около часа. Бульон от индейки процедить в чистый сотейник, добавить куркуму, на небольшом огне перемешать венчиком. Добавить грецкие орехи и снять с огня. На сковороде разогреть оливковое масло, всыпать сахар, добавить соль и курагу, нарезанную кубиком. Помешивая готовить минут 5, затем добавить херес. Хурму нарезать дольками и отправить к кураге, добавить белый перец. Обжарить до легкой карамельной корочки и снять с огня. Бульон с орехами пробить в блендере с чесноком, шалотом, тхиной, винным уксусом, кинзой и петрушкой. Вареную индейку крупно нарезать, переложить в чашу и залить мясо ореховым соусом. Посолить, поперчить, перемешать и дать остыть. На тарелку выложить куски индейки, полить большим количеством соуса, рядом выложить курагу с хурмой. Украсить зернами граната и свежей зеленью.",мясоед,"индейка,бульон,куркума,кинза,орех,винный уксус,уксус,хурма,курага,чеснок,лимон,лимонная цедра,сахар,сладкий херес,лук,морковь,кориандр,тахини,соль,перец белый",ужин,400 г. Филе бедра индейки 400 г. Грудка индейки 400  мл. Куриный бульон 1 ст.л. Куркума 30  г. Кинза 100  г. Грецкие орехи 50  мл. Белый винный уксус 400  г. Хурма 200 г. Курага 50 мл. Оливковое масло 3 зуб. Чеснок 1 ст.л. Лимонная цедра 25 г. Сахар 100 мл. Сладкий херес «Педро Хименес» 1 шт. Репчатый лук 1 шт. Морковь по вкусу Семена кориандра ½ ст.л. Тахини по вкусу Соль по вкусу Молотый белый перец,Сациви с курагой и хурмой,110
"Ну да ладно, займемся делом. Тем более, что дел на полчаса, не больше) Отвариваем свеклу, морковь картофель. Чистим овощи, режем кубиками. Огурчики также режем кубиками. Лук можно тоже кубиками, но я предпочитаю очень мелко. Смешиваем все, добавляем капусту, заправляем растительным маслом. Последнее время я добавляю еще и потертые соломкой яблоки. Они придают изысканность салату. Можете попробовать. Кушайте вкусно и полезно!!",вегетарианец,"морковь,свекла,огурец,капуста,картофель,лук,соль",обед,300 г. Морковь 400 г. Свекла отварная 200  г. Соленые огурцы 200 г. Капуста квашеная 400  г. Картофель зрелый 150  г. Лук по вкусу Соль по вкусу Масло растительное,Салат винегрет с квашеной капустой и свеклой,40
"Картофель, свеклу, морковь отварить. Картофель и морковь нарезать кубиками. Свеклу натереть на терке. Лук, огурцы измельчить. Сельдь очистить и нарезать кубиками. Смешать картофель, свеклу, морковь, огурцы, капусту, зеленый горошек, сельдь. Поперчить, посолить по вкусу. Полить нерафинированным растительным маслом. Посыпать порубленным укропом. Перемешать. Украсить ломтиками селедки.",мясоед,"морковь,картофель,селедка,лук,капуста,огурец,горох,свекла,соль,зелень,перец",ужин,2 шт. Морковь 4 шт. Картофель зрелый 1  шт. Сельдь свежая 60 г. Лук зеленый 300  г. Капуста квашеная 5  шт. Соленые огурцы по вкусу Горошек зелёный консервированный 2  шт. Свекла отварная по вкусу Масло растительное по вкусу Соль по вкусу Зелень укропа по вкусу Перец черный молотый,Вкусный винегрет с сельдью,30
"Для приготовления необычного винегрета нам необходимо взять морковь и картофель. Морковь очистите от шкурки и нарежьте на равного размера кубики. Морковь поместите в кастрюлю и залейте водой. Поставьте на огонь и доведите до кипения. Варите 5 минут в подсоленной воде. К кипящей моркови добавьте нарезанную картошку. Дайте повариться 3 минуты (после закипания), после чего добавьте в кастрюлю 1,5 ст. ложки уксуса (у меня винный, но можно взять и столовый). Уксус не даст картофелю и моркови превратиться в пюре. В микроволновке запеките свеклу. Это можно сделать и в духовке, просто отварив свеклу в воде привычным способом. Готовую свеклу очистите и нарежьте кубиком. Поместите в миску. Соленые огурцы нарежьте кубиком. Огурцы со свеклой полейте 2-3 ст. ложками растительного масла. Перемешайте. Масло сдобрит всю свеклу, и она не будет так активно красить остальные овощи в салате. Картофель и морковь откиньте на сито. Дайте стечь воде и промойте картофель под проточной водой. Вода остановит процесс варки. Добавьте в салатник картошку с морковью. Перемешайте. Смешайте небольшое количество растительного масла, лимонного сока и черного молотого перца. Полученной смесью заправьте весь салат. Уложите его на тарелку. На каждую порцию салата выложите кусочки соленой селедки. Я решила подать блюдо с целыми кусочками селедки, но можно сельдь нарезать, смешав ее с нарезанным репчатым луком. Выложите рыбку сверху на салат.",мясоед,"морковь,картофель,селедка,свекла,огурец",завтрак,"2 шт. Морковь 4 шт. Картофель 1  шт. Селедка 2 шт. Свекла 4  шт. Огурцы соленые по вкусу Растительное масло,",Необычный винегрет,50
"Сначала подготовьте заправку, для этого смешайте 5 столовых ложек оливкового масла, винный уксус, пропущенный через пресс зубчик чеснока, измельченный базилик, соль и перец. Перемешайте и отставьте в сторону настаиваться, пока мы будем заниматься остальными ингредиентами. Фасоль отварите в течение 5 минут в кипящей подсоленной воде, затем откиньте на дуршлаг, дав стечь жидкости. Отрежьте у стручков хвостики. На сковороде разогрейте оливковое масло, добавьте пропущенный через пресс зубчик чеснока и фасоль, обжарьте в течение 3 минут. Готовую фасоль смешайте с порезанной петрушкой, сбрызните лимонным соком и дайте остыть. Порежьте полукольцами лук, перец полосками, а помидоры и отваренные яйца — крупными дольками. Смешайте в салатнике все ингредиенты, добавьте подготовленную заправку, сбрызните лимонным соком и подайте на стол.",мясоед,"фасоль,руккола,петрушка,помидор,яйцо,лук,маслины,базилик,анчоус,перец,лимон,винный уксус,уксус,масло оливковое,соль,перец",завтрак,"200 г. Стручковая фасоль 1 шт. Пучок рукколы 1  шт. Пучок петрушки 2 шт. Помидор 2  шт. Яйца 1  шт. Лук 20  шт. Маслины 10  шт. Листочки базилика 8 шт. Анчоусы 0,5 шт. Сладкий перец 2 ч.л. Лимонный сок 1 ст.л. Винный уксус по вкусу Оливковое масло по вкусу Соль, перец
",Нисуаз (классический рецепт),30
"Отварить яйца всмятку и нарезать на ломтики. Томаты нарезать дольками. С тунца слить жидкость. Белый лук нарезать кольцами. Редис нарезать круглыми ломтиками. Для заправки в миске смешать оливковое масло, уксус, соль, перец. Смешать все ингредиенты для салата и полить заправкой.",мясоед,"маслины,руккола,яйцо,тунец,лук,редиска,винный уксус,помидор,соль,перец",перекус,100 г. Маслины 100 г. Руккола 3  шт. Яйцо куриное 100 г. Консервированный тунец в масле 100  г. Белый лук 100  г. Редис 50  г. Оливковое масло 10  г. Винный уксус 100 г. Помидоры по вкусу Соль по вкусу Молотый черный перец,Салат нисуаз с рукколой,30
"Подготавливаем необходимые ингредиенты для кулича. Сухие дрожжи смешиваем с 2/3 всей муки. Добавляем яйца, ванилин, сахар и заранее замоченный изюм. Тщательно перемешиваем все ингредиенты (можно с помощью миксера). Сливочное масло растворяем в молоке на огне. Смесь не должна быть слишком горячей, так что при необходимости охлаждаем. Вливаем масляно-молочную смесь в тесто. Размешиваем все ингредиенты с помощью миксера. Получается однородное тесто. Постепенно добавляем оставшуюся муку и замешиваем тесто. Тесто должно получится не густым, а немного жидковатым. накрываем полотенцем и оставляем в теплом месте на 1,5-2 часа. Тесто должно подняться в 2 раза. Выкладываем тесто в форму для кекса, смазанную маслом, и отправляем в духовку на 40 минут, предварительно разогретую до 170 градусов. Кулич с изюмом готов. Посыпаем сахарной пудрой и наслаждаемся. Приятного аппетита!",веган,"мука,молоко,яйцо,сахар,масло,изюм,дрожжи,ванилин,ваниль,пудра",ужин,500 г. Мука 150 мл. Молоко 4  шт. Яйцо 150 г. Сахар 150  г. Масло сливочное 70  г. Изюм 11  г. Дрожжи сухие 2  ст. л. Масло растительное по вкусу Ванилин по вкусу Пудра сахарная,Кулич с изюмом,120
"Подготавливаем необходимые ингредиенты. В миску наливаем 100 мл теплого молока и добавляем 2 ст.л. сахара, 3 ст.л. муку и дрожжи. Разминаем все ингредиенты и оставляем подниматься. Яйца растираем с оставшимся сахаром. Добавляем дрожжевую смесь, растопленный маргарин, сметану, оставшееся теплое молоко, ванильный сахар и соль. Постепенно добавляем муку и замешиваем тесто. Количество муки регулируем, тесто не должно получиться тугим. Накрываем полотенцем и оставляем на 1,5-2 часа. Затем обминаем и снова оставляем на час. Подготавливаем металлические разъемные формы. Можно взять и бумажные формы, застелив дно и бока пергаментом. По истечению времени получается вот такое тесто. Выкладываем тесто в формы, заполняя их на половину, т.к. тесто в процессе запекания поднимается. Оставляем тесто в покое на час для расстойки. По истечению времени отправляем в духовку на 25 минут, предварительно разогретую до 150 градумов. Пасхальный кули готов. Украшаем по своему вкусу. Приятного аппетита!",веган,"молоко,сметана,маргарин,дрожжи,сахар,ваниль,изюм,мука,яйцо",перекус,500 мл. Молоко 1/2 ст. Сметана 100  г. Маргарин 3 шт. Яйцо 2  ст. Сахар 50  г. Дрожжи свежие 7  ст. Мука 150  г. Изюм 10 г. Сахар ванильный,Кулич пасхальный,120
"Миндаль раскаливаем на сухой сковороде или подсушиваем в духовке. Снимаем кожицу и измельчаем орехи с помощью блендера. Размягченное сливочное масло взбиваем с сахаром. Добавляем просеянную муку с разрыхлителем, миндаль, цедру апельсина и тертый имбирь. Тщательно все перемешиваем. Вливаем в тесто тонкой струйкой взбитые яйца. Добавляем ликер и сухофрукты. Все перемешиваем и выкладываем тесто в форму для кекса, смазанную маслом. Тем временем готовим глазурь. Охлажденные яичные белки взбиваем с лимонным соком и постепенно добавляем сахарную пудру. Раскатываем глазурь в пласт. Достаем кулич из духовки. Украшаем глазурью, а из оставшейся глазурью формируем звездочки. Украшаем фигурками и кондитерской посыпкой.",веган,"масло,сахар,апельсин,имбирь,миндаль,мука,разрыхлитель,яйцо,изюм,курага,ликер,алкоголь,пудра,лимон",ужин,200 г. Масло сливочное 150 г. Сахар 1  ст. л. Цедра апельсина 1 ч. л. Имбирь тертый 200  г. Миндаль 100  г. Мука 1  ч. л. Разрыхлитель теста 5  шт. Яйцо 50 г. Изюм 50 г. Курага 8 ст. л. Апельсиновый ликер 1 шт. Яичный белок 225 г. Пудра сахарная 1 ч. л. Сок лимонный,Английский пасхальный кулич,120
"Яблоки нарежьте на очень тонкие круги. Противень смажьте сливочным маслом. Если используете слоеное тесто, то раскатайте его максимально тонко. Первыми выложите 4 тонких слоя теста,промазанных между собой сливочным маслом. Выложите четверть ореховой смеси поверх теста, затем половину яблок одним тонким слоем. Присыпьте снова орехами и закройте еще 3-4 слоями теста, промазанными между собой сливочным маслом. Второй раз повторите процедуру: орехи - яблоки - орехи - тесто. Третий раз выложите все, кроме яблок: орехи - 3-4 слоя теста. Сверху смажьте щедро сливочным маслом и острым ножом нарежьте пахлаву. Все ингредиенты для приготовления сиропа смешайте в кастрюле и доведите до кипения на среднем огне до полного растворения сахара. Уменьшите огонь и готовьте пока сироп не уварится на половину. Остудите. Выпекайте до золотистой корочки около 45 минут при температуре в 160-175°С. Достаньте из духовки. Горячую приготовленную пахлаву полейте охлажденным сиропом. Подавайте охлажденным. Приятного аппетита!",вегетарианец,"орех,пекан,сахар,корица,яблоко,тесто,масло,мед,корица,вода,имбирь,гвоздика,мускатный орех",перекус,"2 стак. Орехи грецкие 1 стак. Пекан 1/3  стак. Сахар коричневый 1,5 ч. л. Корица 1  шт. Яблоко 1  упаковка Тесто фило по вкусу Масло сливочное 1  стак. Сахар 1/3 стак. Мед 1 палочка Корица 1/2 стак. Вода по вкусу Имбирь молотый по вкусу Гвоздика по вкусу Орех мускатный",Яблочная пахлава,40
"Пока отдыхает тесто, сделайте начинку. Для этого пропустите через мясорубку орехи или измельчите их с помощью блендера. Соедините орехи с сахаром и молотым кардамоном. Смажьте форму, в которой будет выпекаться пахлава, растительным маслом. Лучше взять дезодорированное масло, которое не имеет явного вкуса. Как только тесто увеличится в несколько раз, обомните его и разделите на 9-12 частей. Два кусочка сделайте чуть больше. Можно приступать к раскатке коржей. Старайтесь делать их очень тонкими. Если вы начинающий кулинар и ваши тонкие коржи будут рваться, не расстраивайтесь, пусть будут небольшие дырочки, на конечном результате это не отобразиться. Из двух больших по размеру шариков сделайте верхний и нижний слой. Не страшно, если они будут чуть толще, чем остальные. Каждый слой теста пересыпайте начинкой. Верхний корж смажьте желтком, который заранее смешайте с шафраном. И ставьте в духовой шкаф пахлаву на 5 минут при температуре 150 градусов. Через 5 минут достаньте пахлаву. Разрежьте на красивые ромбики. В каждый ромбик вдавите половинку ядра ореха. Залейте в разрезы растопленное сливочное масло и отправляйте форму с пахлавой снова в духовку на 1 час с прежней температурой духовки. Пока печётся пахлава, приготовьте медово-сахарный сироп. Соедините мёд, сахар и воду. На маленьком огне уварите сироп до загустения 15-20 минут. По истечении нужного времени, достаньте пахлаву. Залейте сиропом и оставьте ещё на час пропитываться. Приятного аппетита!",вегетарианец,"орех,кардамон,желток,шафран,масло,сахар,мед,вода",перекус,300 г. Орехи грецкие 1/2 ч. л. Кардамон 2 г. Масло растительное 1 шт. Желток яичный 1/2 ч. л. Шафран 100 г. Масло сливочное 200 г. Сахар 200 г. Мед 100 мл. Вода,Пахлава медовая,90
"Чистим сладкий Перец черный молотый и лук. Моем и нарезаем овощи: лук - полукольцами, Перец черный молотый на полоски. Обжариваем на подсолнечном масле до прозрачности лук, добавляем Перец черный молотый и слегка прожариваем до легкого золотистого оттенкам лука. Посыпаем овощи любимой зеленью: петрушка, укроп, базилик и т.д., солим и добавляем любимые специи по вкусу. Раскатываем слоеное тесто и режем на четыре квадрата. В том случае, если квадратов у Вас получилось больше, Вам понадобиться большее количество яиц. Рассчитывайте одно яйцо - один квадрат и одно дополнительное для смазки теста. Раскладываем наши квадратики из теста на листе пергаментной бумаги. Тупым концом ножа нанесем разметку на расстоянии 1-2 см от края, рисуем внутренний квадрат. Главное в этом деле не прорезать насквозь тесто. Внутри накалываем тесто вилкой. Взбиваем одно яйцо и смазываем заготовки для пиццы. Тесто внутреннего квадратика смазываем сначала горчицей, а затем сметаной. На один кусок теста одну ст.л. сметаны. По желанию можно присолить. Выкладываем на каждую пиццу обжаренные овощи, оставляя по центру небольшое углубление. Здесь мы в последствии разместим яйцо. Помещаем в заранее разогретую до 180 градусов духовку на 10 минут. Тесто по краям должно подрумяниться. Извлеките из духовки и в каждое углубление поместите по одному яйцу. Будьте аккуратны. Оставьте желтки целыми. Солим + перчим + специи (те которые Вам по вкусу). В духовку еще на десять минут. Яичный белок Куриное яйцо должен схватиться.",вегетарианец,"перец,лук,тесто,яйцо,сметана,горчица,зелень,соль",завтрак,"2 шт. сладкий Перец черный молотый 1 шт. Лук репчатый 0,5  кг. слоеное тесто 5 шт. Куриное яйцо 4  ст. л. Сметана по вкусу горчица по вкусу зелень по вкусу специи по вкусу Поваренная соль",Мини-пицца с яйцом,40
"Сливочное масло нарезать небольшими кусочками. Смешать с просеянной мукой и сахаром. Перетереть смесь при помощи вилки до состояния мелких хлебных крошек. Добавить овсяные хлопья. Вымешать однородное тесто. Скатать его в шар. Переложить в миску, затянуть пищевой пленкой и убрать в холодильник на 15 мин. Раскатать тесто в круглую и тонкую лепешку, около 30 см в диаметре. Смазать маскарпоне, выложить сверху ягоды и сбрызнуть медом или кленовым сиропом. Выпекать 5–7 мин. при температуре до 270 °С. Подавайте горячей с мороженым.",веган,"масло,мука,сахар,хлопья,маскарпоне,сыр,мед,пломбир,мороженое",завтрак,30 г. охлажденного сливочного масла 80 г. муки 4  ст. л. коричневого сахара 2 ст. л. овсяных хлопьев быстрого приготовления 3  ст. л. маскарпоне 130  г. свежих или замороженных ягод по вкусу  г. мед по вкусу  г. пломбир,Сладкая пицца,30
"На противень выстелить пергамент для запекания, смазать его растительным маслом. Готовый корж для пиццы разморозить следуя инструкции на упаковке. Если вы не нашли такой корж, используйте в приготовлении готовое дрожжевое тесто, которое можно купить в кулинарии, либо приготовьте тесто самостоятельно. Корж для пиццы выложить на противень. В равных пропорциях на корж выложить немного кетчупа и майонеза. Перемешать и распределить равномерным слоем на корже. Сыр натереть на крупной терке. 2/3 части сыра выложить на корж. Далее выложить слой соленных огурцов, предварительно порезанных тонкой соломкой. Помидоры помыть, нарезать полукольцами и выложить следующим слоем на пиццу. Перец помыть, удалить плодоножку и семена, нарезать полукольцами и выложить на пиццу. Копченую колбасу тонко нарезать пластинками (соломкой или кубиками) и выложить следующим слоем. Посыпать пиццу оставшимся сыром. Маслины разрезать на половинки и выложить последним слоем на пиццу. Выпекать пиццу с копченой колбасой в заранее разогретой духовке при температуре 180 градусов 30 минут.",веган,"колбаса,корж для пиццы,перец,помидор,огурец,маслины,сыр,майонез,кетчуп,масло",завтрак,200 гр. копченая колбаса 1 шт. корж для пиццы 2  шт. сладкий перец 2 шт. помидоры 1  шт. соленый огурец10  шт. маслины 70  гр. твердый сыр по вкусу майонез по вкусу кетчуп по вкусу растительное масло,Пицца с копченой колбасой,40
"Если готовить блинчики из печенки куриной, то они получатся очень нежными и мягкими. Такую закуску я подаю к столу со сметаной, и блинчики очень любят даже детки. Мой ребенок не очень любит печень в чистом виде, поэтому я обычно готовлю такие блинчики из печенки. Измельчаем блендером печень, добавляем соль и специи по вкусу, а также сметану, муку и яйца. Все взбиваем при помощи миксера или обычным венчиком. Взбиваем до однородного состояния и начинаем выпекать. Наливаем на сковороду немного растительного масла и наливаем порциями наше ""тесто"". Делаем все так же, как во время выпекания блинов. Переворачиваем на другую сторону и выпекаем до готовности. Блинчики можно кушать просто со сметаной, а можно из них сделать вкуснейший закусочный торт. Для этого выберите начинку и промажьте все коржи. Оставьте такой торт пропитаться на ночь и наслаждайтесь!",мясоед,"куриная печень,яйцо,лук,сметана,мука,соль и специи",обед,500-700 г. Куриная печень 2-3 шт. Яйцо 1-2  шт. Лук 300 мл. Сметана 3-5  ст.л. Мука по вкусу Соль и специи,Блинчики из печенки,60
"Смешайте в миске мёд и оливковое масло. Нарезанную на кусочки курицу, манго, разрезанные пополам черри и измельчённый чеснок переложите в большую миску. Добавьте заправку и перемешайте. Готовую начинку разложите внутрь каждого листа салата и аккуратно сверните, чтобы получился ролл. Готово!",мясоед,"курица,манго,помидоры,салат,мед,масло,чеснок",перекус,3 стак. Курица (варёная нарезанная)1 стак. Манго (нарезанное)1  стак. Помидоры (черри)6 листов Салат (китайская капуста)1  ст. л. Мёд2-3  ч. л. Масло (оливковое)1  ч. л. Чеснок (измельчённый),Роллы с курицей и манго,15
"Размораживаем клубнику. Сок не выливаем, он нам пригодится. Измельчаем клубнику в однородную массу с помощью блендера. В клубничную массу добавляем желатин и даем ему набухнуть несколько минут . Добавляем сахарную пудру и лимонный сок. Смесь перемешиваем и подогреваем на небольшом огне, доводим до кипячения, но не кипятим. Полученную смесь охлаждаем до комнатной температуры и взбиваем миксером или блендером около 7 минут. Смесь должна подняться, загустеть и посветлеть. Берем силиконовую или любую другую форму, выливаем смесь, распределяем равномерно по всей поверхности и оставляем застывать около двух часов. Достаем застывшее суфле из формы, разрезаем на порционные кусочки и посыпаем сахарной пудрой. Наш десерт готов! Приятного аппетита!",вегетарианец,"клубника,желатин,сахар,лимон",перекус,200 г. Клубника замороженная15 г. Желатин150  г. Сахарная пудра1/2 шт. Лимон,Клубничное суфле,30
"Прежде всего варю вкурутую четыре крупных куриных яйца или же полдесятка мелких. Остужаю, обложив льдом приготовленным в морозилке или же просто под струей холодной водички в раковине. Майонез перемешиваю с перцем и солью. Тем временем чищу парочку огурчиков, каждый разрезаю по длине на три части и нарезаю соломкой. Мелко рублю по отдельности яичный желток и белок. Затем выкладываю продукты слоями. Первым слоем идет яичный желточек, вторым - тоненький слой майонеза. Третьим настает черед огуречной соломки, четвертый слой - вновь майонезный, а свеху зеленый лучок и слой тертого яичного белка. Получается похоже на верхушки деревьев, густо припорошенные свежим снегом.",вегетарианец,"яйцо,огурец,лук зеленый,майонез,соль,перец",завтрак,4 шт. Куриное яйцо2 шт. Огурцы свежие1  пуч. Лук зеленый75 г. Майонез по вкусу Соль по вкусу Перец черный молотый,Луковый салат с яйцом,40
Желатин заливаем теплой водой на 30 минут. Шампанское с сахаром и желатином варим на медленном огне 10 минут. не давая закипать. Нарезаем ананасы. Заливаем ананасы шампанским и охлаждаем до застывания.,веган,"шампанское,желатин,ананас,сахар",перекус,400 г. Шампанское30 г. Желатин100  г. Ананасы консервированные2 ст. л. Сахар песок,Желе из шампанского с ананасами,150
"Нарезаем перец болгарский и баклажаны ломтиками. Запекаем в разогретой духовке до готовности. Очищаем от кожицы и нарезаем. Обжариваем нарезанные помидоры и чеснок на оливковом масле. Добавляем баклажаны с перцами, бульон, соль и перец. Доводим до кипения. Даем остыть. Протираем через сито. Разливаем суп по тарелкам. Украшаем петрушкой. Приятного аппетита!",веган,"перец болгарский,баклажан,чеснок,помидор,масло,петрушка,соль",обед,4 шт. перец болгарский1 шт. баклажан1  зуб. чеснок4 шт. помидор1200  мл. бульон по вкусу масло оливковое по вкусу петрушка по вкусу соль по вкусу черный перец,Суп с печеными овощами,60
"Подготавливаем необходимые ингредиенты. Тыкву разрезаем пополам. Тыкву очищаем от семян и нарезаем кубиками. Тушим на растопленном сливочном масле до размягчения около 20 минут, периодически помешивая. Измельчаем тыкву с помощью блендера. Солим, перчим по вкусу и добавляем сливки. Доводим до кипения и снова взбиваем. Консистенцию супа можно регулировать - добавить немного воды или бульона. Тыквенный крем-суп готов. Подаем его с сыром. Приятного аппетита!",вегетарианец,"тыква,сливки,сыр,масло,соль,перец",обед,500 г. Тыква150 мл. Сливки100  г. Сыр с плесенью50 г. Масло сливочное по вкусу Соль по вкусу Перец черный молотый,Тыквенный крем-суп с сыром,50
"Замешиваем тесто из муки, воды и растительного масла. Даем отдохнуть около 30 минут. Пассеруем лук на сковороде. Добавляем натёртую на крупной тёрке тыкву. Посолим, поперчим. Раскатываем тесто полосками 6х15 сантиметров. Кладем начинку из тыквы. Сворачиваем в рулетики, подгибая низ. Получаем розочки. Выкладываем на сковороду розочки и заливаем томатным соусом. Томим на медленном огне около 40 минут.",веган,"масло,лук,мука,тыква",ужин,15 мл. масло растительное по вкусу лук репчатый по вкусу мука200 мл. вода500  г. тыква,Розочки с тыквой,55
"Итак, наливаем в чашу блендера кефир, огурец промываем, нарезаем на кусочки и также отправляем в чашу. На сухой (без масла) сковороде обжариваем зиру в течение 1-2 минут, также выкладываем ее в чашу блендера. Добавляем к нашим ингредиентам пару листиков свежей кинзы и тщательно все измельчаем. Если хотите, можете добавить в коктейль немного соли и молотого перца для пикантности. Приятного вам аппетита!",вегетарианец,"кефир,огурец,зира,кинза",завтрак,"300 мл. Кефир1 шт. Огурец0,5  ч.л. Зира15-20 г. Кинза свежая",Коктейль из огурцов,30
"Режем мелко грибы. Трем сыр и яблоки. Выкладываем на блюдо салат.листья,а на них тертые яблоки. На яблоки выкладываем грибы. Сверху посыпаем сыром. Добавляем майонез,лук. Откройте баночку с грибами, слейте с нее жидкость через сито и порежьте мелкими кусочками. В салат брать грибы потверже. Яблоки используйте зеленые, салату они придадут кислинку. Вымойте их и потрите на крупной терке. Приготовьте плоское блюдо, равномерно выложите его листьями свежего салата, распределите массу из тертых яблок, а сверху положите порезанные грибы. Сыр твердых сортов потрите отдельно на терке, посыпьте им салат, полейте майонезом. Для украшения используйте зеленый лук. Салат получается пикантный, легкий. Если в Вашей семье много мужчин, любящих мясо, то добавьте в салат 300 г. отварной говядины, нарезанную соломкой. Салат с солеными грибами сразу станет сытным. Удачной охоты, коллеги-грибники!",вегетарианец,"сыр,майонез,яблоко,салат,лук,соль",ужин,200 г. Сыр150  г. Майонез2 шт. Яблоки по вкусу Салат листовой по вкусу Лук зеленый по вкусу Соль,Салат с солеными грибами,25
"Вырежьте сердцевину яблок таким образом, чтобы отверстие не было сквозным. Измельчите орехи. Разогрейте духовку до 180 градусов. Выложите яблоки на противень, в центр каждого положите мёд, грецкие орехи и корицу, запекайте 15—20 минут, в зависимости от размера яблок.",веган,"яблоко,мед,орех,корица",завтрак,4 шт. Яблоко4 ч. л. Мёд4  ч. л. Орехи (грецкие)1/4 ч. л. Корица,Запечённое яблоко,30
"Очистите киви и поместите их в блендер, отложив один. Превратите киви в пюре, добавьте мед и сок лайма. Мешайте в блендере около 1 минуты. Разрежьте оставшийся киви на тонкие кружочки. В формочки для мороженого или пластиковые стаканчики положите по два кружочка киви (по стенкам), вылейте смесь и заморозьте в морозильнике.",веган,"киви,лайм,мед",перекус,280 г. Киви120 мл Лаймовый сок140  г. Мед,Домашнее мороженое из киви,30
"Кусочки мяса натереть любимым маринадом, поставить для пропитывания. Продукт обсушить, выложить в рукав или в пакет для запекания. Разогреть духовку до 180 градусов. Время тушения – от 40 до 50 минут, температура – 180 градусов. За 1 минут до готовности пакет разрезать и дожарить мясо до получения румяной корочки. По желанию ребрышки можно запечь одновременно с картофелем, она впитает лишний мясной сок.",мясоед,"свиные ребрышки,маринад",ужин,по вкусу свиные ребрышки по вкусу маринад по вкусу специи,Маринованные свиные ребрышки в рукаве,30
"Стейки семги (4 штуки) промываем и обсушиваем полотенцем. В отдельной емкости смешиваем оливковое масло, уксус, сок половины лимона и размятые зубчики чеснока. Стейки солим, приправляем итальянскими травами (специями) и маринуем два часа, часто переворачивая с одной стороны на другую. Затем стейки выкладываем на решетку гриль, стоящую на углях. Обжариваем до готовности. Для гарнира подаем овощи по вкусу (помидоры, перец, баклажаны, также обжаренные на гриле). Приятного аппетита!",мясоед,"семга,масло,лимон,чеснок,петрушка,соль",ужин,по вкусу семга по вкусу масло оливковое по вкусу сок лимонный2 зуб. чеснок по вкусу специи по вкусу петрушка по вкусу соль,Семга на гриле с овощами,55
"Нарезаем овощи кубиками. Баклажаны солим и даем постоять 15 минут, чтобы стекла горечь. Затем промываем холодной водой и отжимаем. Обжариваем в растительном масле кусочки баклажана и перца. Смешиваем в миске все овощи, солим, перчим по вкусу, добавляем рубленную зелень и заправляем растительным маслом. Готовый салат можно подавать как в салатнице, так и в половинках болгарского перца. Приятного аппетита!",вегетарианец,"баклажан,помидор,болгарский перец,перец,соль,масло,петрушка",завтрак, по вкусу баклажан по вкусу помидор по вкусу перец болгарский по вкусу черный перец по вкусу соль по вкусу масло растительное по вкусу зелень,Баклажанный салат,45
"Мясо очистить от пленок и сухожилий. Нарезать поперек волокон порционными кусками толщиной 1,5—2 см, отбить, посолить, поперчить, смочить в льезоне (смесь яйца с небольшим количеством воды или молока) и запанировать в сухарях. Жарить ромштекс на раскаленной с жиром сковороде при 170 градусах с обеих сторон до образования корочки, затем довести до готовности в духовке. Готовность определить проколом вилки — она должна свободно входить в мясо, а выделяющийся при этом сок должен быть прозрачным. Подать ромштекс на тарелке, полив растопленным сливочным маслом. Для гарнира можно использовать рассыпчатые каши, отварные бобовые, жареные баклажаны или картофель. Дополнительно подать свежие или консервированные овощи.",мясоед,"говядина,сухари,яйцо,соль,масло,перец",обед,580 г. Говядина90 г. Панировочные сухари1  шт. Яйцо куриное по вкусу Соль50  мл Растительное масло по вкусу Молотый черный перец,Ромштекс,50
"Сначала разогреем духовку до 180–200 градусов. Потом берем противень, смазываем его слегка растительным маслом. Затем нарезаем баклажаны, кабачки, помидоры и огурцы кружками толщиной примерно 5 мм. Далее режем чеснок и укроп мелкими кусочками. Выкладываем все на противень, чуть-чуть солим и перчим. Готовим примерно 30–40 минут.",веган,"баклажан,кабачок,помидор,огурец,укроп,чеснок,соль,перец",ужин,2 шт. Баклажаны1 шт. Кабачки3  шт. Помидоры3 шт. Огурцы5  стеблей Укроп5  зуб. Чеснок по вкусу Соль по вкусу Молотый черный перец,Французский рататуй,120
"Баклажаны нарезать кружочками. Посыпать солью и оставить минимум на полчаса. Промыть в холодной воде. Обжарить баклажаны на сковороде с оливковым маслом до золотистого цвета. Понадобится примерно 5 ст.л. масла. Как вариант, можно запечь баклажаны в духовке или на гриле. Переложить на бумажное полотенце, чтобы впитался лишний жир. Нагреть в сотейнике уксус вместе с сахаром. Уксус должен полностью раствориться. Смазать полученной смесью баклажаны. Разогреть остатки оливкового масла. Добавить чеснок и обжарить до появления аромата. Перед подачей полить баклажаны чесночным маслом и посыпать зеленью.",веган,"баклажан,масло,уксус,сахар,чеснок,петрушка",перекус,1 кг. баклажаны100 мл. оливковое масло5  г. красный винный уксус1 г. сахар4  зуб. измельченный чеснокмаленький  пуч. нарезанная петрушка,Жареные баклажаны с чесноком,70
"Помидоры нарезать кубиками, поджарить на масле с добавлением измельченного чеснока. В горячие помидоры добавить тертый сыр. Баклажаны разрезать вдоль, обвалять в муке с солью, сверху положить смесь помидоров с чесноком и сыром. Запечь в духовке до готовности.",вегетарианец,"баклажан,помидор,сыр,мука,чеснок,масло,соль",перекус,4 шт. Баклажаны3 шт. Помидоры100  г. Сыр1 ст.л. Пшеничная мука1  зуб. Чеснок2  ст.л. Растительное масло по вкусу Соль,Баклажаны с сыром,60
"Размягченное сливочное масло взбиваем с сахаром до пышной пены. Затем добавляем яйца и взбиваем до кремообразной консистенции. Добавляем постепенно муку. Замешиваем тесто, оно должно получиться пластичным и однородным. Накрываем тесто пищевой пленкой и убираем в холодильник на 40 минут, либо в морозилку на 15 минут. Тем временем достаем из черешни косточки. Охлажденное тесто делим на 2 неравные части. 2/3 теста раскатываем скалкой на столе, присыпанном мукой, и кладем на дно формы (бортики должны получиться в высоту 3-4 см). Посыпаем тесто измельченным миндалем и высыпаем очищенную черешню. Сверху накрываем оставшимся тестом. Если тесто осталось - можно украсить наш пирог формами. Отправляем выпекать в духовку, разогретой предварительно до 180 градусов на 1 час. Достаем пирог, немного охлаждаем и разрезаем. Приятного аппетита!",вегетарианец,"черешня,сахар,яйцо,мука,миндаль,масло",ужин,800 г. Черешня250 г. Сахар2  шт. Яйцо600 г. Мука50  г. Миндаль1  шт. Яичный желток250  г. Масло сливочное,Пирог с черешней,110
"Измельчаем клубнику в блендере. Добавляем полстакана сахара. Перемешиваем. Соединяем желтки с сахаром и молоком. Нагреваем на водяной бане до загустения, все время помешиваем. Слегка охлаждаем. Соединяем с половиной клубничного пюре. Взбиваем сливки до пышности. Соединяем с частью яично-клубничной массы. Выкладываем 1/3 сливочно-клубничной массы в форму. Ставим в морозилку на 30 минут. Выкладываем оставшееся яично-клубничное пюре. Сверху кладем оставшуюся сливочно-клубничную массу. Ставим в морозильник на четыре часа. Вынимаем десерт из формы. Нарезаем на порции. Поливаем сиропом. Украшаем клубникой и взбитыми сливками. Приятного аппетита!",вегетарианец,"клубница,сахар,молоко,яйцо,сливки",перекус,100 г. клубника195 г. сахар120  мл. молоко4 шт. яйцо720  мл. сливки по вкусу сироп апельсиновый,Парфе клубничное,55
Удаляем плодоножки у клубники. Разрезаем пополам. Разбиваем яйца в миску. Добавляем сахар. Взбиваем блендером до пышной пенки. Добавляем муку. Перемешиваем блендером. В разогретую мультиварку кладем шоколад и сливочное масло. Тщательно перемешиваем. Включаем режим «пароварка» на 10 минут. Добавляем бисквитное тесто. Тщательно перемешиваем венчиком. Добавляем клубнику. Выставляем режим «выпечка» на 40 минут. Аккуратно достаем кекс из мультиварки. Выкладываем на тарелку. Подаем к чаю с лимоном. Приятного аппетита!,вегетарианец,"шоколад,клубника,масло,яйцо,сахар,мука",завтрак,150 г. шоколад100 г. клубника100  г. масло сливочное5 шт. яйцо100  г. сахар100  г. мука,Кекс с клубникой и шоколадом,65
"В глубокой миске взбиваем яйца. Добавляем сгущенные сливки, ванильный сахар и растопленное сливочное масло. Затем добавляем муку с разрыхлителем. Взбиваем все ингредиенты с помощью миксера. Тесто выливаем в форму для кекса и отправляем в духовку на 30-35 минут, предварительно разогретую до 180 градусов. Кекс готов. Разрезаем и подаем к столу. Приятного аппетита!",вегетарианец,"яйцо,сливки,мука,масло,сахар",завтрак,"4 шт. Яйцо380 г. Сливки сгущенные120  г. Мука50 г. Масло сливочное2,5  ч. л. Разрыхлитель теста10  г. Сахар ванильный",Кекс классический,55
"В миске взбиваем яйца с солью. Добавляем муку и 100 мл молока. Затем постепенно добавляем оставшееся молоко и растительное масло. Выливаем часть теста на раскаленную сковороду и обжариваем блинчики с двух сторон. Выкладываем готовые блины на тарелку. Сливы разрезаем пополам и достаем косточки. Засыпаем сливы сахаром и готовим на медленном огне, постоянно помешивая. Доводим сливы до кипения и выключаем огонь. В центр на каждый блин выкладываем столовую ложку начинки (без жидкости). Аккуратно заворачиваем блины и обжариваем с двух сторон на сковороде. Блинчики со сливами готовы. Поливаем сливовым соусом и наслаждаемся. Приятного аппетита!",вегетарианец,"слива,яйцо,мука,масло,сахар,молоко,соль",завтрак,500 г. Слива3 шт. Яйцо250  г. Мука60 мл. Масло растительное200  г. Сахар500  мл. Молоко1/2  ч. л. Соль,Блинчики со сливами,45
"Сыр натереть на терке. К натертому сыру добавить яйца, майонез. Все тщательно перемешать. Посолить немножко (если сыр солёный солить не надо), добавить специи. Полученную массу вылить на противень, застеленный бумагой для выпечки. Противень поставить в разогретую духовку. Выпекать смесь минут 15, пока сыр полностью не расплавится и не покроется золотистой корочкой. Теперь готовим мясную начинку для рулета. Лук мелко нарезать или пропустить через мясорубку и добавить в сырой фарш, также добавить одно яйцо, соль и перец. На готовый сырный корж равномерно выложить фарш. Свернуть рулет (заворачивается корж очень легко). Выпекать яично-мясной рулет при температуре 180 градусов в течение 40 минут. Когда немного остынет, порезать на порционные кусочки!",мясоед,"фарш,яйцо,лук,сыр,майонез,соль,перец",обед,0.5 кг. фарш6 шт. яйца1  шт. лук400 г. твёрдый сыр250  г. майонез по вкусу соль по вкусу перец по вкусу прованские травы,Необычный мясной рулет,40
"Картофель очищаем, нарезаем и помещаем в кастрюлю. Туда же кладем очищенную луковицу и перец горошком. Варим до готовности. Сушеные грибы заливаем кипятком и настаиваем 30 минут. Шампиньоны промываем, нарезаем и обжариваем на растительном масле 10 минут до золотистости. Извлекаем сушеные грибы из рассола. Рассол сохраняем. Обжариваем сушеные грибы с шампиньонами еще немного. В полуготовый картофель вливаем грибной рассол (через ситечко). Добавляем грибы. Варим всё до готовности картофеля. Добавьте соль, перец и чеснок, пропущенный через пресс. Через 5 минут суп будет готов. Приятного аппетита!",мясоед,"гриб,картофель,лук,чеснок,масло,соль,перец",обед,500 г. Шампиньоны25 г. Белые сушеные грибы3  шт. Картофель1 шт. Лук репчатый1  зуб. Чеснок по вкусу Масло растительное1  ч.л. Соль2  шт. Лавровый лист3 шт. Перец горошком,Грибная солянка без капусты,80
"Морковь и яблоки помыть и очистить. Морковь натереть на крупной терке,положить в кастрюлю,добавить 0,5 стакана воды и потушить до полуготовности. Яблоки натереть на крупной терке, добавить к моркови и тушить пока яблоки не станут мягкими. К овощному пюре всыпать манку тонкой струйкой,добавить сахар,щепотку соли и поварить 5 минут,всё время помешивая. Полученную массу охладить. Из морковно-яблочной массы сформировать котлеты,обвалять их в панировочных сухарях . Обжарить морковные котлеты в растительном масле с двух сторон до румяной корочки. Котлеты можно подавать с вареньем или медом. Приятного аппетита!",веган,"морковь,крупа манная,сухари,яблоко,сахар,масло",ужин,"2 шт. Морковь2 ч.л. Крупа манная по вкусу Сухари панировочные2 шт. Яблоко1  ч.л. Сахар по вкусу Масло растительное Отправить список продуктов тому, кто пройдет за покупками В TELEGRAM В WHATSAPPВ VIBER Реклама Авторская кухняВремя подготовки15Время приготовления25СложностьЛегкоКоличество порций2Способ КатегорияЗакускиАвторGomer Оцените рецепт 8012345 всего голосов: 1 Автор Gomer Gomer 996 рецептов Вам может пригодиться Получи скидку Супердоска для нарезки УЗНАТЬ ЦЕНУПоспешите Твоя скидка Лоток-сушилка УЗНАТЬ ЦЕНУПоспешите Твоя скидка Антибактериальный коврик УЗНАТЬ ЦЕНУПоспешите Стоит попробовать Нет комментариев Добавьте комментарий ДОБАВИТЬ",Котлеты из моркови и яблок,40
"Вымойте под проточной водой сливы и перец, обсушите их бумажными полотенцами. Фрукты разрежьте на две половинки, удалите косточки. Перец разрежьте, очистите от семян и нарубите ножом на небольшие кусочки. Кусок свинины (предпочтительнее выбирать нежирные части, к примеру, лопатку или вырезку) вымойте и обсушите. Зачистите от жилок и жира. Нарежьте мясо на небольшие одинаковые кусочки. В сковороде разогрейте растительное масло. Обваляйте каждый кусочек мяса в муке и обжарьте свинину до золотистой корочки на сковороде. В горшочки для запекания уложите слоями все подготовленные ингредиенты. Первый слой должен состоять из слив, затем — перец, а сверху него — мясо. Повторите в этой же последовательности слои еще раз. Каждый слой солите, добавляйте немного перца. Разбавьте вино водой в пропорции один к одному. Залейте содержимое горшочков разбавленным алкоголем. Разогрейте духовку до двухсот градусов. Поставьте в нее горшочки со сливами, перцем и мясом. Запекайте блюдо на протяжении полутора часов. Сливы должны развариться и стать своеобразным соусом к мясу и перцу.",мясоед,"свинина,слива,перец болгарский,вино,соль,перец,мука",обед,"500 г. Свинина150 г. Слива200  г. Перец болгарский1 стак. Вино красное сухое по вкусу Соль, перец3  ст.л. Мука",Свинина со сливой в духовке,140
"Овсяные хлопья залить 3 стаканами воды. Добавить масло, сахар, щепотку соли и варить на медленном огне до полного загустения. Яблоко нарезать кубиками. Выключить огонь. Добавить в кашу яблоко, мед и корицу. Перемешать, закрыть крышкой и дать настояться 10 минут. Приятного аппетита!",веган,"овсянка,мед,яблоко,корица,сахар,масло,соль",завтрак,2 стак. Хлопья овсяные2 ст. л. Мед1  шт. Яблоки1 ч. л. Корица молотая2  по вкусу Сахар песок1  ч. л. Масло сливочное г. Соль,"Овсяная каша с яблоком, медом и корицей",45
"Мякоть свинины мою и измельчаю кубиком. Казан отправляю на огонь, наливаю растительное масло и разогреваю, затем выкладываю мясо в казан и обжариваю. Мою морковь и нарезаю ее брусочками, лук-порей нарезаю полукольцами или кольцами. Всыпаю овощи к мясу и обжариваю пять минут, добавляю специи и соль, уменьшаю огонь и готовлю до мягкости мяса. Тем временем чищу картошку и нарезаю ее кусочками, добавляю картошку в казан, перемешиваю. Заливаю содержимое казана водой, чтобы она слегка покрывала все, и готовлю после закипания на слабом огне около 40 минут. Чеснок чищу и нарезаю мелко, добавляю его за пару минут до готовности и выключаю огонь, подаю блюдо горячим с мелко нарубленной свежей зеленью.",мясоед,"свинина,морковь,лук,чеснок,картофель,масло,соль",обед,300 г. Свинина1 шт. Морковка1  шт. Лук-порей4 зуб. Чеснок500  г. Картошка по вкусу Растительное масло по вкусу Соль и специи по вкусу Зелень,Жаркое по-домашнему из свинины с картошкой,80
